{"data": {"name": "Box44", "N": 65850, "A": 88}, "trial": [{"L": 2, "nu": 6, "M": 36, "a0": 12, "msmout": {"time_partcl2partcl": 0.713056, "time_nlist": 2.083699, "time_grid2grid_atlevel1": 0.151796, "time_padding_atlevel1": 0.000529, "time_stencil_atlevel1": 0.001434, "time_grid2grid_atlevel2": 0.000304, "time_padding_atlevel2": 0.0, "time_stencil_atlevel2": 0.000226, "time_restrictionfrom1to2": 0.000536, "time_prolongationfrom2to1": 0.001323, "time_anterpolation": 0.122548, "time_interpolation": 0.148349, "time_build": 2.087377, "time_energy": 1.13895, "time_longrange": 0.425894, "time_other": 0.002527, "time_total": 3.226327, "data": "../data/Box44", "NumberOfLevels": 2, "Nrep": 65850, "N": 65850, "repl": [1, 1, 1], "Perturbationx": 0.0, "Perturbationy": 0.0, "Perturbationz": 0.0, "nu": 6, "ntc": 7, "nlist_len": 48556692, "nlist_interaction_count": 22973786, "tmax": 4, "cutoff": 12.0, "Edge row1": [88.0, 0.0, 0.0], "Edge row2": [0.0, 88.0, 0.0], "Edge row3": [0.0, 0.0, 88.0], "TopLevelMx": 18, "TopLevelMy": 18, "TopLevelMz": 18, "utotal": -13831.986893278543, "deltaF": 2.3976151228082637e-05, "deltaF/Fref": 0.0003273951099410783, "deltaFest": 2.2595848400500074e-05, "deltaFest/Fref": 8.815171695807286e-05, "fref": 0.07323307679335117, "uref": 0.15958963932864365, "Q2": 22901.18130000763, "poterror": 1.5186698852759376e-06, "potabserror": 0.0210062538499187}}]}